PLAYERS,,GP,MIN,FGm,FGa,FG%,3Pm,3Pa,3P%,FTm,FTa,FT%,APG,STL,BLK,oREB,dREB,REB,PF,TOV,+/-,PTS
J. Simmons,,4,170.30,49,99,49%,11,37,30%,39,47,83%,20,8,0,2,34,36,11,21,39,148
K. Murphy,,7,305.20,95,195,49%,33,80,41%,34,42,81%,25,11,2,20,58,78,25,25,-15,257
J. Williams,,11,479.33,126,276,46%,44,130,34%,82,109,75%,41,27,11,20,82,102,18,41,-96,378
J. Franklin,,10,442.35,88,213,41%,50,154,32%,114,125,91%,76,18,16,17,100,117,35,52,19,340
J. Hudson,,6,246.78,68,133,51%,24,59,41%,43,60,72%,25,9,9,8,48,56,18,23,50,203
W. Selden Jr.,,7,311.87,77,166,46%,21,63,33%,48,72,67%,47,17,5,9,37,46,26,27,11,223
M. Weathers,,4,170.02,45,75,60%,7,19,37%,30,48,63%,10,7,5,8,32,40,12,14,-36,127
R. Hollis-Jefferson,,5,189.30,55,114,48%,0,7,0%,45,57,79%,29,12,5,16,44,60,11,11,87,155
C. Clark,,11,426.52,131,224,58%,0,2,0%,63,78,81%,39,7,8,37,83,120,33,19,107,325
A. Hester,,8,332.37,89,139,64%,5,11,45%,40,64,63%,36,11,4,42,84,126,22,22,119,223
J. Brownlee,,11,463.18,111,208,53%,23,73,32%,55,60,92%,81,7,16,16,93,109,18,26,77,300
J. Brownlee,,11,463.18,111,208,53%,23,73,32%,55,60,92%,81,7,16,16,93,109,18,26,77,300
J. Brownlee,,11,463.18,111,208,53%,23,73,32%,55,60,92%,81,7,16,16,93,109,18,26,77,300
M. Qualls,,4,158.07,32,96,33%,9,35,26%,33,50,66%,14,4,3,12,34,46,7,10,-45,106
K. McDaniels,,11,469.13,109,220,50%,16,55,29%,52,90,58%,35,17,16,57,125,182,37,42,49,286
K. McDaniels,,11,469.13,109,220,50%,16,55,29%,52,90,58%,35,17,16,57,125,182,37,42,49,286
K. McDaniels,,11,469.13,109,220,50%,16,55,29%,52,90,58%,35,17,16,57,125,182,37,42,49,286
J. Tiongson,,11,405.53,87,174,50%,37,80,46%,45,53,85%,37,16,1,6,30,36,40,23,-58,256
J. Tiongson,,11,405.53,87,174,50%,37,80,46%,45,53,85%,37,16,1,6,30,36,40,23,-58,256
J. Tiongson,,11,405.53,87,174,50%,37,80,46%,45,53,85%,37,16,1,6,30,36,40,23,-58,256
C. Standhardinger,,9,333.50,85,135,63%,0,0,0%,36,55,65%,54,6,2,29,63,92,26,30,35,206
C. Standhardinger,,9,333.50,85,135,63%,0,0,0%,36,55,65%,54,6,2,29,63,92,26,30,35,206
C. Standhardinger,,9,333.50,85,135,63%,0,0,0%,36,55,65%,54,6,2,29,63,92,26,30,35,206
D. Maxwell,,11,445.88,98,175,56%,0,7,0%,50,75,67%,48,18,35,31,107,138,33,43,-36,246
R. Bolick Jr.,,7,254.05,50,104,48%,14,46,30%,37,43,86%,43,7,1,5,33,38,19,8,-21,151
R. Bolick Jr.,,7,254.05,50,104,48%,14,46,30%,37,43,86%,43,7,1,5,33,38,19,8,-21,151
R. Bolick Jr.,,7,254.05,50,104,48%,14,46,30%,37,43,86%,43,7,1,5,33,38,19,8,-21,151
S. Glover,,8,296.87,68,140,49%,7,18,39%,25,30,83%,31,9,12,23,49,72,23,31,-96,168
E. McCree,,3,131.13,20,52,38%,7,27,26%,16,20,80%,8,4,4,1,39,40,6,9,0,63
J. Perez,,11,350.28,86,177,49%,13,46,28%,43,62,69%,48,16,3,17,57,74,37,27,139,228
J. Perez,,11,350.28,86,177,49%,13,46,28%,43,62,69%,48,16,3,17,57,74,37,27,139,228
J. Perez,,11,350.28,86,177,49%,13,46,28%,43,62,69%,48,16,3,17,57,74,37,27,139,228
R. Pogoy,,10,315.60,77,134,57%,32,59,54%,20,30,67%,16,13,2,11,35,46,21,15,92,206
R. Pogoy,,10,315.60,77,134,57%,32,59,54%,20,30,67%,16,13,2,11,35,46,21,15,92,206
R. Pogoy,,10,315.60,77,134,57%,32,59,54%,20,30,67%,16,13,2,11,35,46,21,15,92,206
M. Ahanmisi,,11,368.98,76,153,50%,33,81,41%,36,50,72%,33,14,1,11,59,70,31,28,60,221
M. Ahanmisi,,11,368.98,76,153,50%,33,81,41%,36,50,72%,33,14,1,11,59,70,31,28,60,221
M. Ahanmisi,,11,368.98,76,153,50%,33,81,41%,36,50,72%,33,14,1,11,59,70,31,28,60,221
K. Alas,,11,292.80,70,131,53%,23,49,47%,37,43,86%,33,9,2,10,37,47,21,24,48,200
K. Alas,,11,292.80,70,131,53%,23,49,47%,37,43,86%,33,9,2,10,37,47,21,24,48,200
K. Alas,,11,292.80,70,131,53%,23,49,47%,37,43,86%,33,9,2,10,37,47,21,24,48,200
P. Lee,,11,336.62,65,154,42%,36,93,39%,26,29,90%,39,5,1,10,35,45,26,17,98,192
P. Lee,,11,336.62,65,154,42%,36,93,39%,26,29,90%,39,5,1,10,35,45,26,17,98,192
P. Lee,,11,336.62,65,154,42%,36,93,39%,26,29,90%,39,5,1,10,35,45,26,17,98,192
J. Malonzo,,11,370.57,68,135,50%,25,63,40%,26,37,70%,29,6,12,31,49,80,28,25,54,187
J. Malonzo,,11,370.57,68,135,50%,25,63,40%,26,37,70%,29,6,12,31,49,80,28,25,54,187
J. Malonzo,,11,370.57,68,135,50%,25,63,40%,26,37,70%,29,6,12,31,49,80,28,25,54,187
M. Williams,,11,361.72,64,158,41%,33,92,36%,17,27,63%,45,9,0,5,40,45,18,20,116,178
M. Williams,,11,361.72,64,158,41%,33,92,36%,17,27,63%,45,9,0,5,40,45,18,20,116,178
M. Williams,,11,361.72,64,158,41%,33,92,36%,17,27,63%,45,9,0,5,40,45,18,20,116,178
A. Maliksi,,10,256.93,50,102,49%,24,63,38%,35,37,95%,12,7,0,2,33,35,27,11,49,159
A. Maliksi,,10,256.93,50,102,49%,24,63,38%,35,37,95%,12,7,0,2,33,35,27,11,49,159
A. Maliksi,,10,256.93,50,102,49%,24,63,38%,35,37,95%,12,7,0,2,33,35,27,11,49,159
J. Perkins,,11,366.18,61,135,45%,20,49,41%,30,39,77%,28,8,2,21,41,62,41,17,-26,172
J. Perkins,,11,366.18,61,135,45%,20,49,41%,30,39,77%,28,8,2,21,41,62,41,17,-26,172
J. Perkins,,11,366.18,61,135,45%,20,49,41%,30,39,77%,28,8,2,21,41,62,41,17,-26,172
B. Ganuelas-Rosser,,11,374.75,59,95,62%,10,29,34%,42,66,64%,16,9,23,20,62,82,40,12,20,170
C. Trollano,,11,346.88,62,121,51%,22,49,45%,21,27,78%,29,8,3,6,39,45,10,19,-19,167
C. Trollano,,11,346.88,62,121,51%,22,49,45%,21,27,78%,29,8,3,6,39,45,10,19,-19,167
C. Trollano,,11,346.88,62,121,51%,22,49,45%,21,27,78%,29,8,3,6,39,45,10,19,-19,167
N. Black,,10,313.80,54,121,45%,15,37,41%,25,38,66%,41,4,1,7,53,60,31,15,43,148
N. Black,,10,313.80,54,121,45%,15,37,41%,25,38,66%,41,4,1,7,53,60,31,15,43,148
N. Black,,10,313.80,54,121,45%,15,37,41%,25,38,66%,41,4,1,7,53,60,31,15,43,148
C. Newsome,,11,383.72,57,128,45%,21,48,44%,22,32,69%,52,11,2,4,35,39,31,17,51,157
C. Abueva,,11,302.78,64,127,50%,5,20,25%,23,33,70%,35,11,11,37,66,103,39,27,76,156
C. Abueva,,11,302.78,64,127,50%,5,20,25%,23,33,70%,35,11,11,37,66,103,39,27,76,156
C. Abueva,,11,302.78,64,127,50%,5,20,25%,23,33,70%,35,11,11,37,66,103,39,27,76,156
A. Melecio,,1,13.98,4,9,44%,4,8,50%,2,2,100%,3,0,0,0,3,3,2,1,5,14
A. Melecio,,1,13.98,4,9,44%,4,8,50%,2,2,100%,3,0,0,0,3,3,2,1,5,14
A. Melecio,,1,13.98,4,9,44%,4,8,50%,2,2,100%,3,0,0,0,3,3,2,1,5,14
A. Tolentino,,10,265.52,44,94,47%,22,48,46%,28,36,78%,5,8,6,6,24,30,17,9,-111,138
A. Tolentino,,10,265.52,44,94,47%,22,48,46%,28,36,78%,5,8,6,6,24,30,17,9,-111,138
A. Tolentino,,10,265.52,44,94,47%,22,48,46%,28,36,78%,5,8,6,6,24,30,17,9,-111,138
R. Nambatac,,11,284.88,44,99,44%,15,37,41%,48,65,74%,42,10,1,2,30,32,27,16,-35,151
R. Nambatac,,11,284.88,44,99,44%,15,37,41%,48,65,74%,42,10,1,2,30,32,27,16,-35,151
R. Nambatac,,11,284.88,44,99,44%,15,37,41%,48,65,74%,42,10,1,2,30,32,27,16,-35,151
C. Oftana,,9,247.92,42,89,47%,19,43,44%,20,23,87%,28,9,5,30,46,76,16,6,129,123
C. Oftana,,9,247.92,42,89,47%,19,43,44%,20,23,87%,28,9,5,30,46,76,16,6,129,123
C. Oftana,,9,247.92,42,89,47%,19,43,44%,20,23,87%,28,9,5,30,46,76,16,6,129,123
J. Aguilar,,2,50.23,11,21,52%,0,0,0%,5,7,71%,4,1,1,3,5,8,5,6,4,27
J. Aguilar,,2,50.23,11,21,52%,0,0,0%,5,7,71%,4,1,1,3,5,8,5,6,4,27
J. Aguilar,,2,50.23,11,21,52%,0,0,0%,5,7,71%,4,1,1,3,5,8,5,6,4,27
A. Barroca,,11,305.57,54,119,45%,15,42,36%,23,25,92%,48,11,0,5,19,24,31,26,84,146
A. Barroca,,11,305.57,54,119,45%,15,42,36%,23,25,92%,48,11,0,5,19,24,31,26,84,146
A. Barroca,,11,305.57,54,119,45%,15,42,36%,23,25,92%,48,11,0,5,19,24,31,26,84,146
E. Camson,,11,250.87,56,97,58%,8,20,40%,17,26,65%,12,7,1,36,38,74,33,12,-55,137
E. Camson,,11,250.87,56,97,58%,8,20,40%,17,26,65%,12,7,1,36,38,74,33,12,-55,137
E. Camson,,11,250.87,56,97,58%,8,20,40%,17,26,65%,12,7,1,36,38,74,33,12,-55,137
L. Santillan,,9,227.48,38,90,42%,6,31,19%,30,44,68%,9,2,2,14,34,48,18,11,-17,112
L. Santillan,,9,227.48,38,90,42%,6,31,19%,30,44,68%,9,2,2,14,34,48,18,11,-17,112
L. Santillan,,9,227.48,38,90,42%,6,31,19%,30,44,68%,9,2,2,14,34,48,18,11,-17,112
S. Thompson,,11,385.43,56,102,55%,15,42,36%,8,14,57%,67,11,7,22,45,67,30,19,85,135
S. Thompson,,11,385.43,56,102,55%,15,42,36%,8,14,57%,67,11,7,22,45,67,30,19,85,135
S. Thompson,,11,385.43,56,102,55%,15,42,36%,8,14,57%,67,11,7,22,45,67,30,19,85,135
E. Serrano,,11,216.97,50,97,52%,10,29,34%,23,35,66%,22,6,0,14,34,48,27,21,24,133
E. Serrano,,11,216.97,50,97,52%,10,29,34%,23,35,66%,22,6,0,14,34,48,27,21,24,133
E. Serrano,,11,216.97,50,97,52%,10,29,34%,23,35,66%,22,6,0,14,34,48,27,21,24,133
M. Lassiter,,11,317.42,49,98,50%,25,60,42%,2,2,100%,27,3,2,3,19,22,18,5,72,125
M. Lassiter,,11,317.42,49,98,50%,25,60,42%,2,2,100%,27,3,2,3,19,22,18,5,72,125
M. Lassiter,,11,317.42,49,98,50%,25,60,42%,2,2,100%,27,3,2,3,19,22,18,5,72,125
J. Cruz,,11,253.13,48,110,44%,16,51,31%,13,22,59%,38,11,2,11,25,36,28,17,6,125
J. Cruz,,11,253.13,48,110,44%,16,51,31%,13,22,59%,38,11,2,11,25,36,28,17,6,125
J. Cruz,,11,253.13,48,110,44%,16,51,31%,13,22,59%,38,11,2,11,25,36,28,17,6,125
J. Gray,,11,306.75,45,108,42%,25,61,41%,8,9,89%,24,1,10,7,48,55,21,14,43,123
J. Gray,,11,306.75,45,108,42%,25,61,41%,8,9,89%,24,1,10,7,48,55,21,14,43,123
J. Gray,,11,306.75,45,108,42%,25,61,41%,8,9,89%,24,1,10,7,48,55,21,14,43,123
J. Teng,,11,287.43,47,106,44%,10,40,25%,18,30,60%,22,4,1,18,39,57,33,14,-20,122
J. Teng,,11,287.43,47,106,44%,10,40,25%,18,30,60%,22,4,1,18,39,57,33,14,-20,122
J. Teng,,11,287.43,47,106,44%,10,40,25%,18,30,60%,22,4,1,18,39,57,33,14,-20,122
C. Tio,,11,350.67,43,117,37%,17,56,30%,15,21,71%,38,3,0,2,25,27,17,12,-18,118
C. Tio,,11,350.67,43,117,37%,17,56,30%,15,21,71%,38,3,0,2,25,27,17,12,-18,118
C. Tio,,11,350.67,43,117,37%,17,56,30%,15,21,71%,38,3,0,2,25,27,17,12,-18,118
W. Castro,,10,216.78,31,71,44%,10,27,37%,32,42,76%,30,12,2,7,25,32,24,17,64,104
W. Castro,,10,216.78,31,71,44%,10,27,37%,32,42,76%,30,12,2,7,25,32,24,17,64,104
W. Castro,,10,216.78,31,71,44%,10,27,37%,32,42,76%,30,12,2,7,25,32,24,17,64,104
J. Jalalon,,11,321.50,48,104,46%,8,27,30%,10,17,59%,69,27,0,13,54,67,32,24,18,114
J. Jalalon,,11,321.50,48,104,46%,8,27,30%,10,17,59%,69,27,0,13,54,67,32,24,18,114
J. Jalalon,,11,321.50,48,104,46%,8,27,30%,10,17,59%,69,27,0,13,54,67,32,24,18,114
J. Casio,,11,225.67,38,94,40%,27,68,40%,6,8,75%,27,5,0,0,15,15,32,10,-110,109
J. Casio,,11,225.67,38,94,40%,27,68,40%,6,8,75%,27,5,0,0,15,15,32,10,-110,109
J. Casio,,11,225.67,38,94,40%,27,68,40%,6,8,75%,27,5,0,0,15,15,32,10,-110,109
A. Stockton,,11,287.12,41,72,57%,6,22,27%,16,23,70%,21,9,3,13,21,34,41,22,37,104
A. Stockton,,11,287.12,41,72,57%,6,22,27%,16,23,70%,21,9,3,13,21,34,41,22,37,104
A. Stockton,,11,287.12,41,72,57%,6,22,27%,16,23,70%,21,9,3,13,21,34,41,22,37,104
R. Ilagan,,11,192.10,33,78,42%,25,53,47%,10,11,91%,41,8,0,4,22,26,20,9,-56,101
R. Ilagan,,11,192.10,33,78,42%,25,53,47%,10,11,91%,41,8,0,4,22,26,20,9,-56,101
R. Ilagan,,11,192.10,33,78,42%,25,53,47%,10,11,91%,41,8,0,4,22,26,20,9,-56,101
C. Hodge,,11,352.35,44,74,59%,0,2,0%,10,20,50%,30,10,11,43,38,81,40,19,86,98
C. Hodge,,11,352.35,44,74,59%,0,2,0%,10,20,50%,30,10,11,43,38,81,40,19,86,98
C. Hodge,,11,352.35,44,74,59%,0,2,0%,10,20,50%,30,10,11,43,38,81,40,19,86,98
R. Ular,,11,302.58,42,93,45%,0,8,0%,13,14,93%,13,5,3,38,63,101,22,8,-107,97
R. Ular,,11,302.58,42,93,45%,0,8,0%,13,14,93%,13,5,3,38,63,101,22,8,-107,97
R. Ular,,11,302.58,42,93,45%,0,8,0%,13,14,93%,13,5,3,38,63,101,22,8,-107,97
B. Belga,,11,251.55,37,87,43%,13,45,29%,9,10,90%,45,6,3,19,43,62,48,20,-33,96
B. Belga,,11,251.55,37,87,43%,13,45,29%,9,10,90%,45,6,3,19,43,62,48,20,-33,96
B. Belga,,11,251.55,37,87,43%,13,45,29%,9,10,90%,45,6,3,19,43,62,48,20,-33,96
V. Manuel,,7,85.25,25,42,60%,0,0,0%,11,16,69%,1,1,0,2,13,15,17,5,-5,61
V. Manuel,,7,85.25,25,42,60%,0,0,0%,11,16,69%,1,1,0,2,13,15,17,5,-5,61
V. Manuel,,7,85.25,25,42,60%,0,0,0%,11,16,69%,1,1,0,2,13,15,17,5,-5,61
K. Williams,,11,290.47,40,73,55%,10,20,50%,5,15,33%,18,8,2,17,43,60,19,9,46,95
K. Williams,,11,290.47,40,73,55%,10,20,50%,5,15,33%,18,8,2,17,43,60,19,9,46,95
K. Williams,,11,290.47,40,73,55%,10,20,50%,5,15,33%,18,8,2,17,43,60,19,9,46,95
K. Rosales,,10,235.03,31,69,45%,12,34,35%,9,12,75%,28,8,2,2,20,22,29,10,67,83
K. Rosales,,10,235.03,31,69,45%,12,34,35%,9,12,75%,28,8,2,2,20,22,29,10,67,83
K. Rosales,,10,235.03,31,69,45%,12,34,35%,9,12,75%,28,8,2,2,20,22,29,10,67,83
J. Munzon,,11,245.08,31,96,32%,16,58,28%,13,15,87%,10,9,0,4,21,25,19,15,-72,91
J. Munzon,,11,245.08,31,96,32%,16,58,28%,13,15,87%,10,9,0,4,21,25,19,15,-72,91
J. Munzon,,11,245.08,31,96,32%,16,58,28%,13,15,87%,10,9,0,4,21,25,19,15,-72,91
K. Quinto,,11,272.75,28,83,34%,12,38,32%,22,26,85%,19,6,0,10,26,36,23,17,1,90
K. Quinto,,11,272.75,28,83,34%,12,38,32%,22,26,85%,19,6,0,10,26,36,23,17,1,90
K. Quinto,,11,272.75,28,83,34%,12,38,32%,22,26,85%,19,6,0,10,26,36,23,17,1,90
J. Calma,,11,281.78,37,56,66%,0,0,0%,15,22,68%,6,5,3,33,36,69,46,17,-31,89
J. Calma,,11,281.78,37,56,66%,0,0,0%,15,22,68%,6,5,3,33,36,69,46,17,-31,89
J. Calma,,11,281.78,37,56,66%,0,0,0%,15,22,68%,6,5,3,33,36,69,46,17,-31,89
J. Rosario,,5,110.50,14,35,40%,4,17,24%,8,10,80%,7,1,2,3,9,12,17,11,-37,40
J. Rosario,,5,110.50,14,35,40%,4,17,24%,8,10,80%,7,1,2,3,9,12,17,11,-37,40
J. Rosario,,5,110.50,14,35,40%,4,17,24%,8,10,80%,7,1,2,3,9,12,17,11,-37,40
A. Tratter,,11,220.37,27,52,52%,1,4,25%,33,43,77%,3,3,4,21,31,52,33,18,23,88
A. Tratter,,11,220.37,27,52,52%,1,4,25%,33,43,77%,3,3,4,21,31,52,33,18,23,88
A. Tratter,,11,220.37,27,52,52%,1,4,25%,33,43,77%,3,3,4,21,31,52,33,18,23,88
J. Mocon,,5,133.27,14,38,37%,3,11,27%,9,15,60%,16,8,1,7,16,23,10,5,28,40
J. Mocon,,5,133.27,14,38,37%,3,11,27%,9,15,60%,16,8,1,7,16,23,10,5,28,40
J. Mocon,,5,133.27,14,38,37%,3,11,27%,9,15,60%,16,8,1,7,16,23,10,5,28,40
N. Demusis,,11,209.55,33,61,54%,5,20,25%,15,18,83%,18,6,1,14,35,49,31,17,-12,86
N. Demusis,,11,209.55,33,61,54%,5,20,25%,15,18,83%,18,6,1,14,35,49,31,17,-12,86
N. Demusis,,11,209.55,33,61,54%,5,20,25%,15,18,83%,18,6,1,14,35,49,31,17,-12,86
S. Anthony,,6,125.07,15,37,41%,8,21,38%,8,11,73%,10,2,0,9,19,28,22,7,17,46
P. Zamar,,11,208.40,27,63,43%,11,26,42%,17,21,81%,24,1,2,10,11,21,16,10,-53,82
P. Zamar,,11,208.40,27,63,43%,11,26,42%,17,21,81%,24,1,2,10,11,21,16,10,-53,82
P. Zamar,,11,208.40,27,63,43%,11,26,42%,17,21,81%,24,1,2,10,11,21,16,10,-53,82
R. dela Rosa,,11,295.20,28,62,45%,13,34,38%,7,9,78%,15,4,0,10,23,33,22,5,57,76
R. dela Rosa,,11,295.20,28,62,45%,13,34,38%,7,9,78%,15,4,0,10,23,33,22,5,57,76
R. dela Rosa,,11,295.20,28,62,45%,13,34,38%,7,9,78%,15,4,0,10,23,33,22,5,57,76
R. Jazul,,11,257.92,22,83,27%,19,70,27%,13,15,87%,17,7,0,4,20,24,19,16,-8,76
R. Jazul,,11,257.92,22,83,27%,19,70,27%,13,15,87%,17,7,0,4,20,24,19,16,-8,76
R. Jazul,,11,257.92,22,83,27%,19,70,27%,13,15,87%,17,7,0,4,20,24,19,16,-8,76
G. Norwood,,9,234.37,23,62,37%,10,38,26%,6,10,60%,25,16,1,16,23,39,13,12,-64,62
G. Norwood,,9,234.37,23,62,37%,10,38,26%,6,10,60%,25,16,1,16,23,39,13,12,-64,62
G. Norwood,,9,234.37,23,62,37%,10,38,26%,6,10,60%,25,16,1,16,23,39,13,12,-64,62
R. Garcia,,11,152.73,25,61,41%,9,25,36%,16,18,89%,21,4,1,3,18,21,11,6,14,75
R. Garcia,,11,152.73,25,61,41%,9,25,36%,16,18,89%,21,4,1,3,18,21,11,6,14,75
R. Garcia,,11,152.73,25,61,41%,9,25,36%,16,18,89%,21,4,1,3,18,21,11,6,14,75
R. Escoto,,11,153.43,34,57,60%,2,7,29%,5,10,50%,9,1,0,14,20,34,26,9,56,75
R. Escoto,,11,153.43,34,57,60%,2,7,29%,5,10,50%,9,1,0,14,20,34,26,9,56,75
R. Escoto,,11,153.43,34,57,60%,2,7,29%,5,10,50%,9,1,0,14,20,34,26,9,56,75
J. Balanza,,11,228.05,23,62,37%,8,35,23%,21,27,78%,10,3,1,3,12,15,21,10,20,75
J. Balanza,,11,228.05,23,62,37%,8,35,23%,21,27,78%,10,3,1,3,12,15,21,10,20,75
J. Balanza,,11,228.05,23,62,37%,8,35,23%,21,27,78%,10,3,1,3,12,15,21,10,20,75
S. Manganti,,11,186.03,28,55,51%,11,28,39%,8,8,100%,6,3,1,2,23,25,20,6,4,75
S. Manganti,,11,186.03,28,55,51%,11,28,39%,8,8,100%,6,3,1,2,23,25,20,6,4,75
S. Manganti,,11,186.03,28,55,51%,11,28,39%,8,8,100%,6,3,1,2,23,25,20,6,4,75
Y. Taha,,10,186.57,26,49,53%,0,0,0%,16,30,53%,13,3,4,18,42,60,23,17,-77,68
Y. Taha,,10,186.57,26,49,53%,0,0,0%,16,30,53%,13,3,4,18,42,60,23,17,-77,68
Y. Taha,,10,186.57,26,49,53%,0,0,0%,16,30,53%,13,3,4,18,42,60,23,17,-77,68
T. Browne,,3,33.65,6,17,35%,6,16,38%,2,4,50%,1,3,0,1,3,4,2,0,18,20
T. Browne,,3,33.65,6,17,35%,6,16,38%,2,4,50%,1,3,0,1,3,4,2,0,18,20
T. Browne,,3,33.65,6,17,35%,6,16,38%,2,4,50%,1,3,0,1,3,4,2,0,18,20
C. Banchero,,11,228.83,26,69,38%,12,30,40%,9,12,75%,41,7,0,8,22,30,24,20,1,73
C. Banchero,,11,228.83,26,69,38%,12,30,40%,9,12,75%,41,7,0,8,22,30,24,20,1,73
C. Banchero,,11,228.83,26,69,38%,12,30,40%,9,12,75%,41,7,0,8,22,30,24,20,1,73
A. Asistio,,11,186.25,25,63,40%,14,43,33%,9,10,90%,21,0,0,1,9,10,20,10,-69,73
A. Asistio,,11,186.25,25,63,40%,14,43,33%,9,10,90%,21,0,0,1,9,10,20,10,-69,73
A. Asistio,,11,186.25,25,63,40%,14,43,33%,9,10,90%,21,0,0,1,9,10,20,10,-69,73
N. Torres,,9,102.35,21,42,50%,9,20,45%,8,9,89%,4,1,0,4,11,15,13,5,-22,59
N. Torres,,9,102.35,21,42,50%,9,20,45%,8,9,89%,4,1,0,4,11,15,13,5,-22,59
N. Torres,,9,102.35,21,42,50%,9,20,45%,8,9,89%,4,1,0,4,11,15,13,5,-22,59
L. Muyang,,11,119.43,27,47,57%,9,20,45%,9,14,64%,5,1,1,10,22,32,19,7,-25,72
L. Muyang,,11,119.43,27,47,57%,9,20,45%,9,14,64%,5,1,1,10,22,32,19,7,-25,72
L. Muyang,,11,119.43,27,47,57%,9,20,45%,9,14,64%,5,1,1,10,22,32,19,7,-25,72
S. Enciso,,11,325.67,26,70,37%,18,54,33%,2,2,100%,85,12,0,2,22,24,20,17,110,72
A. Caracut,,10,189.70,22,60,37%,13,40,33%,8,14,57%,31,0,1,3,11,14,16,10,-46,65
A. Caracut,,10,189.70,22,60,37%,13,40,33%,8,14,57%,31,0,1,3,11,14,16,10,-46,65
A. Caracut,,10,189.70,22,60,37%,13,40,33%,8,14,57%,31,0,1,3,11,14,16,10,-46,65
M. Tautuaa,,11,150.50,29,52,56%,3,6,50%,10,14,71%,5,6,3,12,35,47,25,17,5,71
M. Tautuaa,,11,150.50,29,52,56%,3,6,50%,10,14,71%,5,6,3,12,35,47,25,17,5,71
M. Tautuaa,,11,150.50,29,52,56%,3,6,50%,10,14,71%,5,6,3,12,35,47,25,17,5,71
A. Dionisio,,10,124.70,23,46,50%,10,23,43%,5,8,63%,2,6,2,17,10,27,17,8,19,61
A. Dionisio,,10,124.70,23,46,50%,10,23,43%,5,8,63%,2,6,2,17,10,27,17,8,19,61
A. Dionisio,,10,124.70,23,46,50%,10,23,43%,5,8,63%,2,6,2,17,10,27,17,8,19,61
P. Cahilig,,11,254.83,25,57,44%,13,34,38%,3,5,60%,14,9,5,15,33,48,38,2,-89,66
P. Cahilig,,11,254.83,25,57,44%,13,34,38%,3,5,60%,14,9,5,15,33,48,38,2,-89,66
P. Cahilig,,11,254.83,25,57,44%,13,34,38%,3,5,60%,14,9,5,15,33,48,38,2,-89,66
S. Pringle,,11,217.48,25,56,45%,13,28,46%,2,5,40%,18,7,0,2,21,23,16,13,-12,65
S. Pringle,,11,217.48,25,56,45%,13,28,46%,2,5,40%,18,7,0,2,21,23,16,13,-12,65
S. Pringle,,11,217.48,25,56,45%,13,28,46%,2,5,40%,18,7,0,2,21,23,16,13,-12,65
R. McCarthy,,8,178.45,15,39,38%,9,29,31%,8,9,89%,36,5,0,2,20,22,17,12,-17,47
R. McCarthy,,8,178.45,15,39,38%,9,29,31%,8,9,89%,36,5,0,2,20,22,17,12,-17,47
R. McCarthy,,8,178.45,15,39,38%,9,29,31%,8,9,89%,36,5,0,2,20,22,17,12,-17,47
F. Tungcab,,5,55.92,10,22,45%,5,15,33%,4,7,57%,6,1,0,3,6,9,5,3,-9,29
F. Tungcab,,5,55.92,10,22,45%,5,15,33%,4,7,57%,6,1,0,3,6,9,5,3,-9,29
F. Tungcab,,5,55.92,10,22,45%,5,15,33%,4,7,57%,6,1,0,3,6,9,5,3,-9,29
M. Ayonayon,,7,93.38,15,38,39%,7,20,35%,2,2,100%,11,5,0,3,7,10,4,4,-26,39
M. Ayonayon,,7,93.38,15,38,39%,7,20,35%,2,2,100%,11,5,0,3,7,10,4,4,-26,39
M. Ayonayon,,7,93.38,15,38,39%,7,20,35%,2,2,100%,11,5,0,3,7,10,4,4,-26,39
G. Khobuntin,,11,188.10,23,53,43%,8,26,31%,7,10,70%,8,2,1,9,23,32,26,6,6,61
T. Hill,,11,129.73,27,36,75%,2,6,33%,5,8,63%,3,4,0,7,8,15,16,5,-22,61
T. Hill,,11,129.73,27,36,75%,2,6,33%,5,8,63%,3,4,0,7,8,15,16,5,-22,61
T. Hill,,11,129.73,27,36,75%,2,6,33%,5,8,63%,3,4,0,7,8,15,16,5,-22,61
S. Ildefonso,,9,98.27,18,33,55%,7,16,44%,6,17,35%,7,1,0,6,19,25,2,1,30,49
S. Ildefonso,,9,98.27,18,33,55%,7,16,44%,6,17,35%,7,1,0,6,19,25,2,1,30,49
S. Ildefonso,,9,98.27,18,33,55%,7,16,44%,6,17,35%,7,1,0,6,19,25,2,1,30,49
J. Sena,,7,87.30,14,29,48%,7,15,47%,2,3,67%,6,2,2,1,8,9,13,2,-16,37
J. Sena,,7,87.30,14,29,48%,7,15,47%,2,3,67%,6,2,2,1,8,9,13,2,-16,37
J. Sena,,7,87.30,14,29,48%,7,15,47%,2,3,67%,6,2,2,1,8,9,13,2,-16,37
M. Borboran,,10,164.63,21,47,45%,5,15,33%,5,6,83%,7,3,3,11,24,35,10,2,-29,52
M. Borboran,,10,164.63,21,47,45%,5,15,33%,5,6,83%,7,3,3,11,24,35,10,2,-29,52
M. Borboran,,10,164.63,21,47,45%,5,15,33%,5,6,83%,7,3,3,11,24,35,10,2,-29,52
R. Almazan,,11,168.60,23,50,46%,1,6,17%,10,13,77%,3,1,11,8,29,37,25,14,1,57
R. Almazan,,11,168.60,23,50,46%,1,6,17%,10,13,77%,3,1,11,8,29,37,25,14,1,57
R. Almazan,,11,168.60,23,50,46%,1,6,17%,10,13,77%,3,1,11,8,29,37,25,14,1,57
A. Caram,,8,84.58,14,26,54%,9,16,56%,4,4,100%,7,0,0,4,3,7,10,4,14,41
A. Caram,,8,84.58,14,26,54%,9,16,56%,4,4,100%,7,0,0,4,3,7,10,4,14,41
A. Caram,,8,84.58,14,26,54%,9,16,56%,4,4,100%,7,0,0,4,3,7,10,4,14,41
J. Chua,,11,164.97,26,54,48%,0,3,0%,4,5,80%,4,3,3,7,21,28,28,9,55,56
J. Gabayni,,11,178.28,20,41,49%,0,0,0%,12,23,52%,5,3,5,16,29,45,37,11,-17,52
J. Gabayni,,11,178.28,20,41,49%,0,0,0%,12,23,52%,5,3,5,16,29,45,37,11,-17,52
J. Gabayni,,11,178.28,20,41,49%,0,0,0%,12,23,52%,5,3,5,16,29,45,37,11,-17,52
J. Gomez De Liano,,10,109.55,18,37,49%,6,14,43%,5,7,71%,9,2,2,9,18,27,11,2,6,47
J. Gomez De Liano,,10,109.55,18,37,49%,6,14,43%,5,7,71%,9,2,2,9,18,27,11,2,6,47
J. Gomez De Liano,,10,109.55,18,37,49%,6,14,43%,5,7,71%,9,2,2,9,18,27,11,2,6,47
K. Ferrer,,6,126.67,10,32,31%,6,23,26%,2,7,29%,3,4,2,3,5,8,26,3,-51,28
K. Ferrer,,6,126.67,10,32,31%,6,23,26%,2,7,29%,3,4,2,3,5,8,26,3,-51,28
K. Ferrer,,6,126.67,10,32,31%,6,23,26%,2,7,29%,3,4,2,3,5,8,26,3,-51,28
D. Murrell,,9,97.73,16,27,59%,5,11,45%,0,0,0%,3,3,0,4,5,9,8,5,14,37
D. Murrell,,9,97.73,16,27,59%,5,11,45%,0,0,0%,3,3,0,4,5,9,8,5,14,37
D. Murrell,,9,97.73,16,27,59%,5,11,45%,0,0,0%,3,3,0,4,5,9,8,5,14,37
J. Calvo,,11,165.80,15,38,39%,1,4,25%,12,13,92%,35,8,0,8,13,21,10,7,-39,43
J. Calvo,,11,165.80,15,38,39%,1,4,25%,12,13,92%,35,8,0,8,13,21,10,7,-39,43
J. Calvo,,11,165.80,15,38,39%,1,4,25%,12,13,92%,35,8,0,8,13,21,10,7,-39,43
J. Alejandro,,11,112.40,12,40,30%,9,34,26%,6,7,86%,5,4,0,0,8,8,5,8,-24,39
M. Salado,,8,70.72,12,26,46%,1,6,17%,3,6,50%,14,7,1,5,4,9,6,4,30,28
M. Salado,,8,70.72,12,26,46%,1,6,17%,3,6,50%,14,7,1,5,4,9,6,4,30,28
M. Salado,,8,70.72,12,26,46%,1,6,17%,3,6,50%,14,7,1,5,4,9,6,4,30,28
A. Ramos,,11,177.88,16,44,36%,3,13,23%,3,6,50%,8,2,4,11,22,33,29,6,-26,38
A. Ramos,,11,177.88,16,44,36%,3,13,23%,3,6,50%,8,2,4,11,22,33,29,6,-26,38
A. Ramos,,11,177.88,16,44,36%,3,13,23%,3,6,50%,8,2,4,11,22,33,29,6,-26,38
V. Pessumal,,7,64.80,9,29,31%,6,19,32%,0,0,0%,3,2,0,2,5,7,10,0,14,24
V. Pessumal,,7,64.80,9,29,31%,6,19,32%,0,0,0%,3,2,0,2,5,7,10,0,14,24
V. Pessumal,,7,64.80,9,29,31%,6,19,32%,0,0,0%,3,2,0,2,5,7,10,0,14,24
C. Doliguez,,4,33.38,5,12,42%,2,7,29%,1,2,50%,2,2,0,2,6,8,3,4,7,13
J. Torralba,,10,92.58,10,31,32%,5,14,36%,6,8,75%,4,4,0,4,8,12,18,6,-39,31
M. Miranda,,6,74.62,7,21,33%,4,12,33%,0,0,0%,5,1,0,3,9,12,13,2,-22,18
M. Miranda,,6,74.62,7,21,33%,4,12,33%,0,0,0%,5,1,0,3,9,12,13,2,-22,18
M. Miranda,,6,74.62,7,21,33%,4,12,33%,0,0,0%,5,1,0,3,9,12,13,2,-22,18
P. Paniamogan,,2,6.28,2,6,33%,2,6,33%,0,0,0%,0,0,0,0,0,0,0,0,-11,6
P. Paniamogan,,2,6.28,2,6,33%,2,6,33%,0,0,0%,0,0,0,0,0,0,0,0,-11,6
P. Paniamogan,,2,6.28,2,6,33%,2,6,33%,0,0,0%,0,0,0,0,0,0,0,0,-11,6
C. Cruz,,3,19.17,3,9,33%,1,5,20%,2,3,67%,0,0,0,3,3,6,2,1,-23,9
C. Cruz,,3,19.17,3,9,33%,1,5,20%,2,3,67%,0,0,0,3,3,6,2,1,-23,9
C. Cruz,,3,19.17,3,9,33%,1,5,20%,2,3,67%,0,0,0,3,3,6,2,1,-23,9
R. Herndon,,1,11.52,1,5,20%,1,3,33%,0,0,0%,0,0,0,2,2,4,1,0,-5,3
R. Herndon,,1,11.52,1,5,20%,1,3,33%,0,0,0%,0,0,0,2,2,4,1,0,-5,3
R. Herndon,,1,11.52,1,5,20%,1,3,33%,0,0,0%,0,0,0,2,2,4,1,0,-5,3
J. Wong,,10,110.37,9,28,32%,6,21,29%,6,6,100%,5,5,0,0,6,6,11,1,27,30
J. Wong,,10,110.37,9,28,32%,6,21,29%,6,6,100%,5,5,0,0,6,6,11,1,27,30
J. Wong,,10,110.37,9,28,32%,6,21,29%,6,6,100%,5,5,0,0,6,6,11,1,27,30
A. Pasaol,,5,31.37,6,6,100%,3,3,100%,0,0,0%,0,0,0,1,6,7,6,3,-5,15
A. Pasaol,,5,31.37,6,6,100%,3,3,100%,0,0,0%,0,0,0,1,6,7,6,3,-5,15
A. Pasaol,,5,31.37,6,6,100%,3,3,100%,0,0,0%,0,0,0,1,6,7,6,3,-5,15
K. Montalbo,,10,97.40,8,26,31%,6,23,26%,7,9,78%,11,6,0,3,4,7,20,1,-18,29
K. Montalbo,,10,97.40,8,26,31%,6,23,26%,7,9,78%,11,6,0,3,4,7,20,1,-18,29
K. Montalbo,,10,97.40,8,26,31%,6,23,26%,7,9,78%,11,6,0,3,4,7,20,1,-18,29
K. Ebona,,8,98.98,9,21,43%,2,2,100%,2,2,100%,1,1,0,8,15,23,16,4,1,22
K. Ebona,,8,98.98,9,21,43%,2,2,100%,2,2,100%,1,1,0,8,15,23,16,4,1,22
K. Ebona,,8,98.98,9,21,43%,2,2,100%,2,2,100%,1,1,0,8,15,23,16,4,1,22
G. Alolino,,10,91.80,9,31,29%,5,17,29%,3,3,100%,9,2,0,0,12,12,11,2,-37,26
G. Alolino,,10,91.80,9,31,29%,5,17,29%,3,3,100%,9,2,0,0,12,12,11,2,-37,26
G. Alolino,,10,91.80,9,31,29%,5,17,29%,3,3,100%,9,2,0,0,12,12,11,2,-37,26
E. Daquioag,,10,126.12,9,31,29%,5,19,26%,3,7,43%,15,7,0,2,5,7,15,6,-4,26
E. Daquioag,,10,126.12,9,31,29%,5,19,26%,3,7,43%,15,7,0,2,5,7,15,6,-4,26
E. Daquioag,,10,126.12,9,31,29%,5,19,26%,3,7,43%,15,7,0,2,5,7,15,6,-4,26
L. Tenorio,,6,60.22,5,16,31%,4,10,40%,0,0,0%,8,0,0,2,2,4,4,6,-27,14
L. Tenorio,,6,60.22,5,16,31%,4,10,40%,0,0,0%,8,0,0,2,2,4,4,6,-27,14
L. Tenorio,,6,60.22,5,16,31%,4,10,40%,0,0,0%,8,0,0,2,2,4,4,6,-27,14
K. Lojera,,7,32.38,5,11,45%,2,6,33%,4,4,100%,0,3,0,1,2,3,3,1,-13,16
K. Lojera,,7,32.38,5,11,45%,2,6,33%,4,4,100%,0,3,0,1,2,3,3,1,-13,16
K. Lojera,,7,32.38,5,11,45%,2,6,33%,4,4,100%,0,3,0,1,2,3,3,1,-13,16
S. Camacho,,11,123.92,11,21,52%,0,0,0%,3,8,38%,5,5,6,15,21,36,20,9,-10,25
S. Camacho,,11,123.92,11,21,52%,0,0,0%,3,8,38%,5,5,6,15,21,36,20,9,-10,25
S. Camacho,,11,123.92,11,21,52%,0,0,0%,3,8,38%,5,5,6,15,21,36,20,9,-10,25
J. Ahanmisi,,9,62.32,7,22,32%,6,18,33%,0,0,0%,2,1,0,0,3,3,12,1,23,20
J. Ahanmisi,,9,62.32,7,22,32%,6,18,33%,0,0,0%,2,1,0,0,3,3,12,1,23,20
J. Ahanmisi,,9,62.32,7,22,32%,6,18,33%,0,0,0%,2,1,0,0,3,3,12,1,23,20
S. Onwubere,,5,21.12,4,6,67%,3,3,100%,0,0,0%,0,1,0,2,4,6,4,3,5,11
S. Onwubere,,5,21.12,4,6,67%,3,3,100%,0,0,0%,0,1,0,2,4,6,4,3,5,11
S. Onwubere,,5,21.12,4,6,67%,3,3,100%,0,0,0%,0,1,0,2,4,6,4,3,5,11
J. Laput,,5,39.87,5,13,38%,0,0,0%,1,1,100%,1,0,1,3,6,9,8,5,-20,11
J. Laput,,5,39.87,5,13,38%,0,0,0%,1,1,100%,1,0,1,3,6,9,8,5,-20,11
J. Laput,,5,39.87,5,13,38%,0,0,0%,1,1,100%,1,0,1,3,6,9,8,5,-20,11
P. Varilla,,11,151.48,9,27,33%,2,13,15%,3,7,43%,10,0,1,12,12,24,20,2,24,23
I. Sangalang,,1,12.65,1,1,100%,0,0,0%,0,0,0%,2,0,0,1,1,2,3,1,-14,2
I. Sangalang,,1,12.65,1,1,100%,0,0,0%,0,0,0%,2,0,0,1,1,2,3,1,-14,2
I. Sangalang,,1,12.65,1,1,100%,0,0,0%,0,0,0%,2,0,0,1,1,2,3,1,-14,2
M. Digregorio,,9,98.72,6,33,18%,1,19,5%,5,8,63%,6,1,0,1,7,8,5,4,-48,18
M. Digregorio,,9,98.72,6,33,18%,1,19,5%,5,8,63%,6,1,0,1,7,8,5,4,-48,18
M. Digregorio,,9,98.72,6,33,18%,1,19,5%,5,8,63%,6,1,0,1,7,8,5,4,-48,18
J. Ponferada,,11,83.38,7,19,37%,1,5,20%,5,11,45%,5,1,1,6,7,13,18,6,-33,20
J. Ponferada,,11,83.38,7,19,37%,1,5,20%,5,11,45%,5,1,1,6,7,13,18,6,-33,20
J. Ponferada,,11,83.38,7,19,37%,1,5,20%,5,11,45%,5,1,1,6,7,13,18,6,-33,20
K. Pascual,,5,24.98,4,7,57%,0,0,0%,1,2,50%,1,1,1,0,2,2,6,0,-1,9
K. Pascual,,5,24.98,4,7,57%,0,0,0%,1,2,50%,1,1,1,0,2,2,6,0,-1,9
K. Pascual,,5,24.98,4,7,57%,0,0,0%,1,2,50%,1,1,1,0,2,2,6,0,-1,9
C. Lalata,,9,59.80,6,9,67%,0,0,0%,4,4,100%,4,0,3,3,7,10,11,3,-18,16
C. Lalata,,9,59.80,6,9,67%,0,0,0%,4,4,100%,4,0,3,3,7,10,11,3,-18,16
C. Lalata,,9,59.80,6,9,67%,0,0,0%,4,4,100%,4,0,3,3,7,10,11,3,-18,16
H. Gabo,,7,73.88,4,12,33%,2,8,25%,2,2,100%,6,3,0,1,1,2,11,3,-15,12
M. Tolomia,,6,33.47,4,7,57%,2,3,67%,0,0,0%,3,0,0,3,1,4,11,0,-6,10
M. Tolomia,,6,33.47,4,7,57%,2,3,67%,0,0,0%,3,0,0,3,1,4,11,0,-6,10
M. Tolomia,,6,33.47,4,7,57%,2,3,67%,0,0,0%,3,0,0,3,1,4,11,0,-6,10
C. Ross,,10,170.35,6,28,21%,3,18,17%,1,3,33%,32,9,0,2,19,21,16,11,-12,16
C. Ross,,10,170.35,6,28,21%,3,18,17%,1,3,33%,32,9,0,2,19,21,16,11,-12,16
C. Ross,,10,170.35,6,28,21%,3,18,17%,1,3,33%,32,9,0,2,19,21,16,11,-12,16
B. Adamos,,7,20.65,5,7,71%,1,1,100%,0,0,0%,0,0,0,1,2,3,5,1,6,11
B. Adamos,,7,20.65,5,7,71%,1,1,100%,0,0,0%,0,0,0,1,2,3,5,1,6,11
B. Adamos,,7,20.65,5,7,71%,1,1,100%,0,0,0%,0,0,0,1,2,3,5,1,6,11
M. Ganuelas-Rosser,,9,59.13,6,9,67%,0,0,0%,2,2,100%,3,1,1,2,2,4,10,0,-46,14
M. Ganuelas-Rosser,,9,59.13,6,9,67%,0,0,0%,2,2,100%,3,1,1,2,2,4,10,0,-46,14
M. Ganuelas-Rosser,,9,59.13,6,9,67%,0,0,0%,2,2,100%,3,1,1,2,2,4,10,0,-46,14
J. Pascual,,10,120.05,7,17,41%,0,0,0%,1,1,100%,4,2,3,4,20,24,24,8,-33,15
R. Escoto,,7,54.32,5,11,45%,0,3,0%,0,0,0%,1,2,0,1,6,7,6,3,5,10
R. Aguilar,,6,26.05,4,8,50%,0,1,0%,0,0,0%,3,0,0,2,5,7,9,0,14,8
R. Aguilar,,6,26.05,4,8,50%,0,1,0%,0,0,0%,3,0,0,2,5,7,9,0,14,8
R. Aguilar,,6,26.05,4,8,50%,0,1,0%,0,0,0%,3,0,0,2,5,7,9,0,14,8
C. Balagasay,,10,75.47,4,12,33%,0,1,0%,5,6,83%,2,0,0,4,8,12,18,4,-28,13
J. Corpuz,,10,62.95,5,15,33%,0,3,0%,2,4,50%,4,1,1,4,5,9,11,0,-14,12
J. Corpuz,,10,62.95,5,15,33%,0,3,0%,2,4,50%,4,1,1,4,5,9,11,0,-14,12
J. Corpuz,,10,62.95,5,15,33%,0,3,0%,2,4,50%,4,1,1,4,5,9,11,0,-14,12
M. Ayaay,,10,71.97,5,17,29%,0,6,0%,2,4,50%,5,1,0,3,9,12,17,5,-22,12
M. Ayaay,,10,71.97,5,17,29%,0,6,0%,2,4,50%,5,1,0,3,9,12,17,5,-22,12
M. Ayaay,,10,71.97,5,17,29%,0,6,0%,2,4,50%,5,1,0,3,9,12,17,5,-22,12
R. Reavis,,8,57.70,3,5,60%,0,0,0%,2,2,100%,3,1,1,2,9,11,7,4,-12,8
R. Reavis,,8,57.70,3,5,60%,0,0,0%,2,2,100%,3,1,1,2,9,11,7,4,-12,8
R. Reavis,,8,57.70,3,5,60%,0,0,0%,2,2,100%,3,1,1,2,9,11,7,4,-12,8
R. Jose,,10,44.00,5,10,50%,0,2,0%,0,0,0%,0,0,0,3,9,12,8,0,-18,10
R. Jose,,10,44.00,5,10,50%,0,2,0%,0,0,0%,0,0,0,3,9,12,8,0,-18,10
R. Jose,,10,44.00,5,10,50%,0,2,0%,0,0,0%,0,0,0,3,9,12,8,0,-18,10
J. Faundo,,1,2.12,0,0,0%,0,0,0%,1,1,100%,0,0,0,1,1,2,0,0,-6,1
J. Faundo,,1,2.12,0,0,0%,0,0,0%,1,1,100%,0,0,0,1,1,2,0,0,-6,1
J. Faundo,,1,2.12,0,0,0%,0,0,0%,1,1,100%,0,0,0,1,1,2,0,0,-6,1
F. Johnson,,3,11.65,1,2,50%,1,2,50%,0,0,0%,0,0,0,0,2,2,1,0,-9,3
F. Johnson,,3,11.65,1,2,50%,1,2,50%,0,0,0%,0,0,0,0,2,2,1,0,-9,3
F. Johnson,,3,11.65,1,2,50%,1,2,50%,0,0,0%,0,0,0,0,2,2,1,0,-9,3
J. Clarito,,9,50.35,4,18,22%,0,8,0%,1,1,100%,4,4,0,6,5,11,5,7,9,9
J. Clarito,,9,50.35,4,18,22%,0,8,0%,1,1,100%,4,4,0,6,5,11,5,7,9,9
J. Clarito,,9,50.35,4,18,22%,0,8,0%,1,1,100%,4,4,0,6,5,11,5,7,9,9
K. Zaldivar,,2,1.98,1,1,100%,0,0,0%,0,0,0%,0,0,0,0,0,0,1,0,-3,2
K. Zaldivar,,2,1.98,1,1,100%,0,0,0%,0,0,0%,0,0,0,0,0,0,1,0,-3,2
K. Zaldivar,,2,1.98,1,1,100%,0,0,0%,0,0,0%,0,0,0,0,0,0,1,0,-3,2
L. Vigil,,3,7.87,1,3,33%,0,2,0%,0,0,0%,0,0,1,0,4,4,0,0,5,2
L. Vigil,,3,7.87,1,3,33%,0,2,0%,0,0,0%,0,0,1,0,4,4,0,0,5,2
L. Vigil,,3,7.87,1,3,33%,0,2,0%,0,0,0%,0,0,1,0,4,4,0,0,5,2
B. Guinto,,3,9.07,1,1,100%,0,0,0%,0,0,0%,0,0,0,1,1,2,3,1,1,2
M. Acuno,,3,12.02,1,6,17%,0,0,0%,0,0,0%,0,0,0,3,2,5,2,3,-28,2
J. David,,5,12.30,1,2,50%,1,2,50%,0,0,0%,2,0,0,0,3,3,2,1,0,3
J. David,,5,12.30,1,2,50%,1,2,50%,0,0,0%,2,0,0,0,3,3,2,1,0,3
J. David,,5,12.30,1,2,50%,1,2,50%,0,0,0%,2,0,0,0,3,3,2,1,0,3
D. Marcelo,,6,38.63,1,6,17%,0,1,0%,1,7,14%,1,0,1,4,6,10,3,2,-8,3
D. Marcelo,,6,38.63,1,6,17%,0,1,0%,1,7,14%,1,0,1,4,6,10,3,2,-8,3
D. Marcelo,,6,38.63,1,6,17%,0,1,0%,1,7,14%,1,0,1,4,6,10,3,2,-8,3
J. Mendoza,,7,13.87,1,3,33%,0,1,0%,0,0,0%,1,0,0,0,2,2,2,1,-9,2
J. Mendoza,,7,13.87,1,3,33%,0,1,0%,0,0,0%,1,0,0,0,2,2,2,1,-9,2
J. Mendoza,,7,13.87,1,3,33%,0,1,0%,0,0,0%,1,0,0,0,2,2,2,1,-9,2
J. Fajardo,,0,0.00,0,0,0%,0,0,0%,0,0,0%,0,0,0,0,0,0,0,0,0,0
J. Fajardo,,0,0.00,0,0,0%,0,0,0%,0,0,0%,0,0,0,0,0,0,0,0,0,0
J. Fajardo,,0,0.00,0,0,0%,0,0,0%,0,0,0%,0,0,0,0,0,0,0,0,0,0
J. Yap,,0,0.00,0,0,0%,0,0,0%,0,0,0%,0,0,0,0,0,0,0,0,0,0
A. Santos,,0,0.00,0,0,0%,0,0,0%,0,0,0%,0,0,0,0,0,0,0,0,0,0
A. Santos,,0,0.00,0,0,0%,0,0,0%,0,0,0%,0,0,0,0,0,0,0,0,0,0
A. Santos,,0,0.00,0,0,0%,0,0,0%,0,0,0%,0,0,0,0,0,0,0,0,0,0
T. Romeo,,1,2.88,0,1,0%,0,0,0%,0,0,0%,0,0,0,0,0,0,0,0,-6,0
T. Romeo,,1,2.88,0,1,0%,0,0,0%,0,0,0%,0,0,0,0,0,0,0,0,-6,0
T. Romeo,,1,2.88,0,1,0%,0,0,0%,0,0,0%,0,0,0,0,0,0,0,0,-6,0
J. Chan,,0,0.00,0,0,0%,0,0,0%,0,0,0%,0,0,0,0,0,0,0,0,0,0
J. Chan,,0,0.00,0,0,0%,0,0,0%,0,0,0%,0,0,0,0,0,0,0,0,0,0
J. Chan,,0,0.00,0,0,0%,0,0,0%,0,0,0%,0,0,0,0,0,0,0,0,0,0
P. Caperal,,0,0.00,0,0,0%,0,0,0%,0,0,0%,0,0,0,0,0,0,0,0,0,0
P. Caperal,,0,0.00,0,0,0%,0,0,0%,0,0,0%,0,0,0,0,0,0,0,0,0,0
P. Caperal,,0,0.00,0,0,0%,0,0,0%,0,0,0%,0,0,0,0,0,0,0,0,0,0
A. Semerad,,0,0.00,0,0,0%,0,0,0%,0,0,0%,0,0,0,0,0,0,0,0,0,0
A. Semerad,,0,0.00,0,0,0%,0,0,0%,0,0,0%,0,0,0,0,0,0,0,0,0,0
A. Semerad,,0,0.00,0,0,0%,0,0,0%,0,0,0%,0,0,0,0,0,0,0,0,0,0
P. Taha,,0,0.00,0,0,0%,0,0,0%,0,0,0%,0,0,0,0,0,0,0,0,0,0
P. Taha,,0,0.00,0,0,0%,0,0,0%,0,0,0%,0,0,0,0,0,0,0,0,0,0
P. Taha,,0,0.00,0,0,0%,0,0,0%,0,0,0%,0,0,0,0,0,0,0,0,0,0
J. Chua,,0,0.00,0,0,0%,0,0,0%,0,0,0%,0,0,0,0,0,0,0,0,0,0
J. Chua,,0,0.00,0,0,0%,0,0,0%,0,0,0%,0,0,0,0,0,0,0,0,0,0
J. Chua,,0,0.00,0,0,0%,0,0,0%,0,0,0%,0,0,0,0,0,0,0,0,0,0
J. Erram,,0,0.00,0,0,0%,0,0,0%,0,0,0%,0,0,0,0,0,0,0,0,0,0
J. Erram,,0,0.00,0,0,0%,0,0,0%,0,0,0%,0,0,0,0,0,0,0,0,0,0
J. Erram,,0,0.00,0,0,0%,0,0,0%,0,0,0%,0,0,0,0,0,0,0,0,0,0
K. Ighalo,,1,4.40,0,1,0%,0,1,0%,0,0,0%,0,0,0,0,1,1,1,0,-9,0
K. Ighalo,,1,4.40,0,1,0%,0,1,0%,0,0,0%,0,0,0,0,1,1,1,0,-9,0
K. Ighalo,,1,4.40,0,1,0%,0,1,0%,0,0,0%,0,0,0,0,1,1,1,0,-9,0
A. Taulava,,0,0.00,0,0,0%,0,0,0%,0,0,0%,0,0,0,0,0,0,0,0,0,0
A. Taulava,,0,0.00,0,0,0%,0,0,0%,0,0,0%,0,0,0,0,0,0,0,0,0,0
A. Taulava,,0,0.00,0,0,0%,0,0,0%,0,0,0%,0,0,0,0,0,0,0,0,0,0
R. Soyud,,0,0.00,0,0,0%,0,0,0%,0,0,0%,0,0,0,0,0,0,0,0,0,0
R. Soyud,,0,0.00,0,0,0%,0,0,0%,0,0,0%,0,0,0,0,0,0,0,0,0,0
R. Soyud,,0,0.00,0,0,0%,0,0,0%,0,0,0%,0,0,0,0,0,0,0,0,0,0
J. Melton,,0,0.00,0,0,0%,0,0,0%,0,0,0%,0,0,0,0,0,0,0,0,0,0
J. Melton,,0,0.00,0,0,0%,0,0,0%,0,0,0%,0,0,0,0,0,0,0,0,0,0
J. Melton,,0,0.00,0,0,0%,0,0,0%,0,0,0%,0,0,0,0,0,0,0,0,0,0
J. Yap,,0,0.00,0,0,0%,0,0,0%,0,0,0%,0,0,0,0,0,0,0,0,0,0
J. Pascual,,0,0.00,0,0,0%,0,0,0%,0,0,0%,0,0,0,0,0,0,0,0,0,0
J. Pascual,,0,0.00,0,0,0%,0,0,0%,0,0,0%,0,0,0,0,0,0,0,0,0,0
J. Pascual,,0,0.00,0,0,0%,0,0,0%,0,0,0%,0,0,0,0,0,0,0,0,0,0
S. Anthony,,0,0.00,0,0,0%,0,0,0%,0,0,0%,0,0,0,0,0,0,0,0,0,0
S. Anthony,,0,0.00,0,0,0%,0,0,0%,0,0,0%,0,0,0,0,0,0,0,0,0,0
S. Anthony,,0,0.00,0,0,0%,0,0,0%,0,0,0%,0,0,0,0,0,0,0,0,0,0
J. Dillinger,,0,0.00,0,0,0%,0,0,0%,0,0,0%,0,0,0,0,0,0,0,0,0,0
J. Dillinger,,0,0.00,0,0,0%,0,0,0%,0,0,0%,0,0,0,0,0,0,0,0,0,0
J. Dillinger,,0,0.00,0,0,0%,0,0,0%,0,0,0%,0,0,0,0,0,0,0,0,0,0
R. Hugnatan,,1,1.85,0,1,0%,0,1,0%,0,0,0%,0,0,0,0,0,0,0,0,-2,0
R. Hugnatan,,1,1.85,0,1,0%,0,1,0%,0,0,0%,0,0,0,0,0,0,0,0,-2,0
R. Hugnatan,,1,1.85,0,1,0%,0,1,0%,0,0,0%,0,0,0,0,0,0,0,0,-2,0
L. Fonacier,,0,0.00,0,0,0%,0,0,0%,0,0,0%,0,0,0,0,0,0,0,0,0,0
L. Fonacier,,0,0.00,0,0,0%,0,0,0%,0,0,0%,0,0,0,0,0,0,0,0,0,0
L. Fonacier,,0,0.00,0,0,0%,0,0,0%,0,0,0%,0,0,0,0,0,0,0,0,0,0
A. Cabagnot,,0,0.00,0,0,0%,0,0,0%,0,0,0%,0,0,0,0,0,0,0,0,0,0
A. Cabagnot,,0,0.00,0,0,0%,0,0,0%,0,0,0%,0,0,0,0,0,0,0,0,0,0
A. Cabagnot,,0,0.00,0,0,0%,0,0,0%,0,0,0%,0,0,0,0,0,0,0,0,0,0
B. Heruela,,0,0.00,0,0,0%,0,0,0%,0,0,0%,0,0,0,0,0,0,0,0,0,0
B. Heruela,,0,0.00,0,0,0%,0,0,0%,0,0,0%,0,0,0,0,0,0,0,0,0,0
B. Heruela,,0,0.00,0,0,0%,0,0,0%,0,0,0%,0,0,0,0,0,0,0,0,0,0
R. Brondial,,0,0.00,0,0,0%,0,0,0%,0,0,0%,0,0,0,0,0,0,0,0,0,0
R. Brondial,,0,0.00,0,0,0%,0,0,0%,0,0,0%,0,0,0,0,0,0,0,0,0,0
R. Brondial,,0,0.00,0,0,0%,0,0,0%,0,0,0%,0,0,0,0,0,0,0,0,0,0
J. Quinahan,,0,0.00,0,0,0%,0,0,0%,0,0,0%,0,0,0,0,0,0,0,0,0,0
J. Quinahan,,0,0.00,0,0,0%,0,0,0%,0,0,0%,0,0,0,0,0,0,0,0,0,0
J. Quinahan,,0,0.00,0,0,0%,0,0,0%,0,0,0%,0,0,0,0,0,0,0,0,0,0
N. Pinto,,0,0.00,0,0,0%,0,0,0%,0,0,0%,0,0,0,0,0,0,0,0,0,0
N. Pinto,,0,0.00,0,0,0%,0,0,0%,0,0,0%,0,0,0,0,0,0,0,0,0,0
N. Pinto,,0,0.00,0,0,0%,0,0,0%,0,0,0%,0,0,0,0,0,0,0,0,0,0
N. Baclao,,0,0.00,0,0,0%,0,0,0%,0,0,0%,0,0,0,0,0,0,0,0,0,0
N. Baclao,,0,0.00,0,0,0%,0,0,0%,0,0,0%,0,0,0,0,0,0,0,0,0,0
N. Baclao,,0,0.00,0,0,0%,0,0,0%,0,0,0%,0,0,0,0,0,0,0,0,0,0
A. Dela Cruz,,0,0.00,0,0,0%,0,0,0%,0,0,0%,0,0,0,0,0,0,0,0,0,0
A. Dela Cruz,,0,0.00,0,0,0%,0,0,0%,0,0,0%,0,0,0,0,0,0,0,0,0,0
A. Dela Cruz,,0,0.00,0,0,0%,0,0,0%,0,0,0%,0,0,0,0,0,0,0,0,0,0
J. Rios,,0,0.00,0,0,0%,0,0,0%,0,0,0%,0,0,0,0,0,0,0,0,0,0
J. Rios,,0,0.00,0,0,0%,0,0,0%,0,0,0%,0,0,0,0,0,0,0,0,0,0
J. Rios,,0,0.00,0,0,0%,0,0,0%,0,0,0%,0,0,0,0,0,0,0,0,0,0
J. Rios,,3,18.60,0,4,0%,0,3,0%,0,0,0%,0,2,0,1,3,4,1,0,-18,0
K. Racal,,0,0.00,0,0,0%,0,0,0%,0,0,0%,0,0,0,0,0,0,0,0,0,0
K. Racal,,0,0.00,0,0,0%,0,0,0%,0,0,0%,0,0,0,0,0,0,0,0,0,0
K. Racal,,0,0.00,0,0,0%,0,0,0%,0,0,0%,0,0,0,0,0,0,0,0,0,0
A. Mariano,,0,0.00,0,0,0%,0,0,0%,0,0,0%,0,0,0,0,0,0,0,0,0,0
A. Mariano,,0,0.00,0,0,0%,0,0,0%,0,0,0%,0,0,0,0,0,0,0,0,0,0
A. Mariano,,0,0.00,0,0,0%,0,0,0%,0,0,0%,0,0,0,0,0,0,0,0,0,0
S. Sumang,,0,0.00,0,0,0%,0,0,0%,0,0,0%,0,0,0,0,0,0,0,0,0,0
S. Sumang,,0,0.00,0,0,0%,0,0,0%,0,0,0%,0,0,0,0,0,0,0,0,0,0
S. Sumang,,0,0.00,0,0,0%,0,0,0%,0,0,0%,0,0,0,0,0,0,0,0,0,0
G. Khobuntin,,0,0.00,0,0,0%,0,0,0%,0,0,0%,0,0,0,0,0,0,0,0,0,0
G. Khobuntin,,0,0.00,0,0,0%,0,0,0%,0,0,0%,0,0,0,0,0,0,0,0,0,0
G. Khobuntin,,0,0.00,0,0,0%,0,0,0%,0,0,0%,0,0,0,0,0,0,0,0,0,0
G. Banal,,0,0.00,0,0,0%,0,0,0%,0,0,0%,0,0,0,0,0,0,0,0,0,0
G. Banal,,0,0.00,0,0,0%,0,0,0%,0,0,0%,0,0,0,0,0,0,0,0,0,0
G. Banal,,0,0.00,0,0,0%,0,0,0%,0,0,0%,0,0,0,0,0,0,0,0,0,0
M. Belo,,0,0.00,0,0,0%,0,0,0%,0,0,0%,0,0,0,0,0,0,0,0,0,0
M. Belo,,0,0.00,0,0,0%,0,0,0%,0,0,0%,0,0,0,0,0,0,0,0,0,0
M. Belo,,0,0.00,0,0,0%,0,0,0%,0,0,0%,0,0,0,0,0,0,0,0,0,0
R. Celda,,1,1.97,0,0,0%,0,0,0%,0,0,0%,1,0,0,0,0,0,0,1,-8,0
N. Javelona,,0,0.00,0,0,0%,0,0,0%,0,0,0%,0,0,0,0,0,0,0,0,0,0
N. Javelona,,0,0.00,0,0,0%,0,0,0%,0,0,0%,0,0,0,0,0,0,0,0,0,0
N. Javelona,,0,0.00,0,0,0%,0,0,0%,0,0,0%,0,0,0,0,0,0,0,0,0,0
D. Dario,,1,1.85,0,1,0%,0,0,0%,0,0,0%,1,1,0,0,0,0,0,0,-2,0
T. Jackson,,0,0.00,0,0,0%,0,0,0%,0,0,0%,0,0,0,0,0,0,0,0,0,0
T. Jackson,,0,0.00,0,0,0%,0,0,0%,0,0,0%,0,0,0,0,0,0,0,0,0,0
T. Jackson,,0,0.00,0,0,0%,0,0,0%,0,0,0%,0,0,0,0,0,0,0,0,0,0
J. Alejandro,,0,0.00,0,0,0%,0,0,0%,0,0,0%,0,0,0,0,0,0,0,0,0,0
J. Alejandro,,0,0.00,0,0,0%,0,0,0%,0,0,0%,0,0,0,0,0,0,0,0,0,0
J. Alejandro,,0,0.00,0,0,0%,0,0,0%,0,0,0%,0,0,0,0,0,0,0,0,0,0
P. Varilla,,0,0.00,0,0,0%,0,0,0%,0,0,0%,0,0,0,0,0,0,0,0,0,0
P. Varilla,,0,0.00,0,0,0%,0,0,0%,0,0,0%,0,0,0,0,0,0,0,0,0,0
P. Varilla,,0,0.00,0,0,0%,0,0,0%,0,0,0%,0,0,0,0,0,0,0,0,0,0
M. Magat,,0,0.00,0,0,0%,0,0,0%,0,0,0%,0,0,0,0,0,0,0,0,0,0
M. Magat,,0,0.00,0,0,0%,0,0,0%,0,0,0%,0,0,0,0,0,0,0,0,0,0
M. Magat,,0,0.00,0,0,0%,0,0,0%,0,0,0%,0,0,0,0,0,0,0,0,0,0
C. Balagasay,,0,0.00,0,0,0%,0,0,0%,0,0,0%,0,0,0,0,0,0,0,0,0,0
C. Balagasay,,0,0.00,0,0,0%,0,0,0%,0,0,0%,0,0,0,0,0,0,0,0,0,0
C. Balagasay,,0,0.00,0,0,0%,0,0,0%,0,0,0%,0,0,0,0,0,0,0,0,0,0
M. Canete,,2,3.75,0,0,0%,0,0,0%,0,0,0%,0,0,0,0,0,0,2,0,-3,0
M. Canete,,2,3.75,0,0,0%,0,0,0%,0,0,0%,0,0,0,0,0,0,2,0,-3,0
M. Canete,,2,3.75,0,0,0%,0,0,0%,0,0,0%,0,0,0,0,0,0,2,0,-3,0
R. Publico,,0,0.00,0,0,0%,0,0,0%,0,0,0%,0,0,0,0,0,0,0,0,0,0
B. Enriquez,,0,0.00,0,0,0%,0,0,0%,0,0,0%,0,0,0,0,0,0,0,0,0,0
R. Acuno,,0,0.00,0,0,0%,0,0,0%,0,0,0%,0,0,0,0,0,0,0,0,0,0
G. Go,,0,0.00,0,0,0%,0,0,0%,0,0,0%,0,0,0,0,0,0,0,0,0,0
B. Guinto,,0,0.00,0,0,0%,0,0,0%,0,0,0%,0,0,0,0,0,0,0,0,0,0
B. Guinto,,0,0.00,0,0,0%,0,0,0%,0,0,0%,0,0,0,0,0,0,0,0,0,0
B. Guinto,,0,0.00,0,0,0%,0,0,0%,0,0,0%,0,0,0,0,0,0,0,0,0,0
M. Dyke,,0,0.00,0,0,0%,0,0,0%,0,0,0%,0,0,0,0,0,0,0,0,0,0
M. Dyke,,0,0.00,0,0,0%,0,0,0%,0,0,0%,0,0,0,0,0,0,0,0,0,0
M. Dyke,,0,0.00,0,0,0%,0,0,0%,0,0,0%,0,0,0,0,0,0,0,0,0,0
J. Grospe,,3,5.92,0,0,0%,0,0,0%,0,0,0%,1,0,0,0,0,0,1,0,6,0
J. Grospe,,3,5.92,0,0,0%,0,0,0%,0,0,0%,1,0,0,0,0,0,1,0,6,0
J. Grospe,,3,5.92,0,0,0%,0,0,0%,0,0,0%,1,0,0,0,0,0,1,0,6,0
J. Go,,0,0.00,0,0,0%,0,0,0%,0,0,0%,0,0,0,0,0,0,0,0,0,0
J. Go,,0,0.00,0,0,0%,0,0,0%,0,0,0%,0,0,0,0,0,0,0,0,0,0
J. Go,,0,0.00,0,0,0%,0,0,0%,0,0,0%,0,0,0,0,0,0,0,0,0,0
R. Ewing,,0,0.00,0,0,0%,0,0,0%,0,0,0%,0,0,0,0,0,0,0,0,0,0
R. Ewing,,0,0.00,0,0,0%,0,0,0%,0,0,0%,0,0,0,0,0,0,0,0,0,0
R. Ewing,,0,0.00,0,0,0%,0,0,0%,0,0,0%,0,0,0,0,0,0,0,0,0,0
G. Yang,,0,0.00,0,0,0%,0,0,0%,0,0,0%,0,0,0,0,0,0,0,0,0,0
G. Yang,,0,0.00,0,0,0%,0,0,0%,0,0,0%,0,0,0,0,0,0,0,0,0,0
G. Yang,,0,0.00,0,0,0%,0,0,0%,0,0,0%,0,0,0,0,0,0,0,0,0,0
K. Si,,0,0.00,0,0,0%,0,0,0%,0,0,0%,0,0,0,0,0,0,0,0,0,0
K. Si,,0,0.00,0,0,0%,0,0,0%,0,0,0%,0,0,0,0,0,0,0,0,0,0
K. Si,,0,0.00,0,0,0%,0,0,0%,0,0,0%,0,0,0,0,0,0,0,0,0,0
S. Zhu,,0,0.00,0,0,0%,0,0,0%,0,0,0%,0,0,0,0,0,0,0,0,0,0
S. Zhu,,0,0.00,0,0,0%,0,0,0%,0,0,0%,0,0,0,0,0,0,0,0,0,0
S. Zhu,,0,0.00,0,0,0%,0,0,0%,0,0,0%,0,0,0,0,0,0,0,0,0,0
M. Ju,,0,0.00,0,0,0%,0,0,0%,0,0,0%,0,0,0,0,0,0,0,0,0,0
M. Ju,,0,0.00,0,0,0%,0,0,0%,0,0,0%,0,0,0,0,0,0,0,0,0,0
M. Ju,,0,0.00,0,0,0%,0,0,0%,0,0,0%,0,0,0,0,0,0,0,0,0,0
X. Liu,,0,0.00,0,0,0%,0,0,0%,0,0,0%,0,0,0,0,0,0,0,0,0,0
X. Liu,,0,0.00,0,0,0%,0,0,0%,0,0,0%,0,0,0,0,0,0,0,0,0,0
X. Liu,,0,0.00,0,0,0%,0,0,0%,0,0,0%,0,0,0,0,0,0,0,0,0,0
H. Blankley,,0,0.00,0,0,0%,0,0,0%,0,0,0%,0,0,0,0,0,0,0,0,0,0
H. Blankley,,0,0.00,0,0,0%,0,0,0%,0,0,0%,0,0,0,0,0,0,0,0,0,0
H. Blankley,,0,0.00,0,0,0%,0,0,0%,0,0,0%,0,0,0,0,0,0,0,0,0,0
Y. Liang,,0,0.00,0,0,0%,0,0,0%,0,0,0%,0,0,0,0,0,0,0,0,0,0
Y. Liang,,0,0.00,0,0,0%,0,0,0%,0,0,0%,0,0,0,0,0,0,0,0,0,0
Y. Liang,,0,0.00,0,0,0%,0,0,0%,0,0,0%,0,0,0,0,0,0,0,0,0,0
J. Song,,0,0.00,0,0,0%,0,0,0%,0,0,0%,0,0,0,0,0,0,0,0,0,0
J. Song,,0,0.00,0,0,0%,0,0,0%,0,0,0%,0,0,0,0,0,0,0,0,0,0
J. Song,,0,0.00,0,0,0%,0,0,0%,0,0,0%,0,0,0,0,0,0,0,0,0,0
C. Liu,,0,0.00,0,0,0%,0,0,0%,0,0,0%,0,0,0,0,0,0,0,0,0,0
C. Liu,,0,0.00,0,0,0%,0,0,0%,0,0,0%,0,0,0,0,0,0,0,0,0,0
C. Liu,,0,0.00,0,0,0%,0,0,0%,0,0,0%,0,0,0,0,0,0,0,0,0,0
K. Lam,,0,0.00,0,0,0%,0,0,0%,0,0,0%,0,0,0,0,0,0,0,0,0,0
K. Lam,,0,0.00,0,0,0%,0,0,0%,0,0,0%,0,0,0,0,0,0,0,0,0,0
K. Lam,,0,0.00,0,0,0%,0,0,0%,0,0,0%,0,0,0,0,0,0,0,0,0,0
Q. Zheng,,0,0.00,0,0,0%,0,0,0%,0,0,0%,0,0,0,0,0,0,0,0,0,0
Q. Zheng,,0,0.00,0,0,0%,0,0,0%,0,0,0%,0,0,0,0,0,0,0,0,0,0
Q. Zheng,,0,0.00,0,0,0%,0,0,0%,0,0,0%,0,0,0,0,0,0,0,0,0,0
Z. Zhang,,0,0.00,0,0,0%,0,0,0%,0,0,0%,0,0,0,0,0,0,0,0,0,0
Z. Zhang,,0,0.00,0,0,0%,0,0,0%,0,0,0%,0,0,0,0,0,0,0,0,0,0
Z. Zhang,,0,0.00,0,0,0%,0,0,0%,0,0,0%,0,0,0,0,0,0,0,0,0,0
D. Reid,,0,0.00,0,0,0%,0,0,0%,0,0,0%,0,0,0,0,0,0,0,0,0,0
D. Reid,,0,0.00,0,0,0%,0,0,0%,0,0,0%,0,0,0,0,0,0,0,0,0,0
D. Reid,,0,0.00,0,0,0%,0,0,0%,0,0,0%,0,0,0,0,0,0,0,0,0,0
A. Nicholson,,0,0.00,0,0,0%,0,0,0%,0,0,0%,0,0,0,0,0,0,0,0,0,0
A. Nicholson,,0,0.00,0,0,0%,0,0,0%,0,0,0%,0,0,0,0,0,0,0,0,0,0
A. Nicholson,,0,0.00,0,0,0%,0,0,0%,0,0,0%,0,0,0,0,0,0,0,0,0,0
M. Powell,,0,0.00,0,0,0%,0,0,0%,0,0,0%,0,0,0,0,0,0,0,0,0,0
M. Powell,,0,0.00,0,0,0%,0,0,0%,0,0,0%,0,0,0,0,0,0,0,0,0,0
M. Powell,,0,0.00,0,0,0%,0,0,0%,0,0,0%,0,0,0,0,0,0,0,0,0,0
Q. Miller,,0,0.00,0,0,0%,0,0,0%,0,0,0%,0,0,0,0,0,0,0,0,0,0
Q. Miller,,0,0.00,0,0,0%,0,0,0%,0,0,0%,0,0,0,0,0,0,0,0,0,0
Q. Miller,,0,0.00,0,0,0%,0,0,0%,0,0,0%,0,0,0,0,0,0,0,0,0,0
W. Navarro,,0,0.00,0,0,0%,0,0,0%,0,0,0%,0,0,0,0,0,0,0,0,0,0
W. Navarro,,0,0.00,0,0,0%,0,0,0%,0,0,0%,0,0,0,0,0,0,0,0,0,0
W. Navarro,,0,0.00,0,0,0%,0,0,0%,0,0,0%,0,0,0,0,0,0,0,0,0,0
B. Enriquez,,0,0.00,0,0,0%,0,0,0%,0,0,0%,0,0,0,0,0,0,0,0,0,0
T. Williams,,0,0.00,0,0,0%,0,0,0%,0,0,0%,0,0,0,0,0,0,0,0,0,0
G. Smith,,0,0.00,0,0,0%,0,0,0%,0,0,0%,0,0,0,0,0,0,0,0,0,0
B. Amer,,0,0.00,0,0,0%,0,0,0%,0,0,0%,0,0,0,0,0,0,0,0,0,0
B. Amer,,0,0.00,0,0,0%,0,0,0%,0,0,0%,0,0,0,0,0,0,0,0,0,0
B. Amer,,0,0.00,0,0,0%,0,0,0%,0,0,0%,0,0,0,0,0,0,0,0,0,0
S. Enciso,,0,0.00,0,0,0%,0,0,0%,0,0,0%,0,0,0,0,0,0,0,0,0,0
S. Enciso,,0,0.00,0,0,0%,0,0,0%,0,0,0%,0,0,0,0,0,0,0,0,0,0
S. Enciso,,0,0.00,0,0,0%,0,0,0%,0,0,0%,0,0,0,0,0,0,0,0,0,0
J. Arana,,0,0.00,0,0,0%,0,0,0%,0,0,0%,0,0,0,0,0,0,0,0,0,0
J. Arana,,0,0.00,0,0,0%,0,0,0%,0,0,0%,0,0,0,0,0,0,0,0,0,0
J. Arana,,0,0.00,0,0,0%,0,0,0%,0,0,0%,0,0,0,0,0,0,0,0,0,0
J. Ambohot,,0,0.00,0,0,0%,0,0,0%,0,0,0%,0,0,0,0,0,0,0,0,0,0
J. Ambohot,,0,0.00,0,0,0%,0,0,0%,0,0,0%,0,0,0,0,0,0,0,0,0,0
J. Ambohot,,0,0.00,0,0,0%,0,0,0%,0,0,0%,0,0,0,0,0,0,0,0,0,0
G. Mamuyac,,0,0.00,0,0,0%,0,0,0%,0,0,0%,0,0,0,0,0,0,0,0,0,0
G. Mamuyac,,0,0.00,0,0,0%,0,0,0%,0,0,0%,0,0,0,0,0,0,0,0,0,0
G. Mamuyac,,0,0.00,0,0,0%,0,0,0%,0,0,0%,0,0,0,0,0,0,0,0,0,0
A. Mina,,0,0.00,0,0,0%,0,0,0%,0,0,0%,0,0,0,0,0,0,0,0,0,0
A. Mina,,0,0.00,0,0,0%,0,0,0%,0,0,0%,0,0,0,0,0,0,0,0,0,0
A. Mina,,0,0.00,0,0,0%,0,0,0%,0,0,0%,0,0,0,0,0,0,0,0,0,0
B. Ganuelas-Rosser,,0,0.00,0,0,0%,0,0,0%,0,0,0%,0,0,0,0,0,0,0,0,0,0
B. Ganuelas-Rosser,,0,0.00,0,0,0%,0,0,0%,0,0,0%,0,0,0,0,0,0,0,0,0,0
B. Ganuelas-Rosser,,0,0.00,0,0,0%,0,0,0%,0,0,0%,0,0,0,0,0,0,0,0,0,0
A. Bulanadi,,0,0.00,0,0,0%,0,0,0%,0,0,0%,0,0,0,0,0,0,0,0,0,0
A. Bulanadi,,0,0.00,0,0,0%,0,0,0%,0,0,0%,0,0,0,0,0,0,0,0,0,0
A. Bulanadi,,0,0.00,0,0,0%,0,0,0%,0,0,0%,0,0,0,0,0,0,0,0,0,0
R. Suerte,,0,0.00,0,0,0%,0,0,0%,0,0,0%,0,0,0,0,0,0,0,0,0,0
R. Suerte,,0,0.00,0,0,0%,0,0,0%,0,0,0%,0,0,0,0,0,0,0,0,0,0
R. Suerte,,0,0.00,0,0,0%,0,0,0%,0,0,0%,0,0,0,0,0,0,0,0,0,0
M. Nieto,,0,0.00,0,0,0%,0,0,0%,0,0,0%,0,0,0,0,0,0,0,0,0,0
M. Nieto,,0,0.00,0,0,0%,0,0,0%,0,0,0%,0,0,0,0,0,0,0,0,0,0
M. Nieto,,0,0.00,0,0,0%,0,0,0%,0,0,0%,0,0,0,0,0,0,0,0,0,0
M. Nieto,,0,0.00,0,0,0%,0,0,0%,0,0,0%,0,0,0,0,0,0,0,0,0,0
M. Nieto,,0,0.00,0,0,0%,0,0,0%,0,0,0%,0,0,0,0,0,0,0,0,0,0
M. Nieto,,0,0.00,0,0,0%,0,0,0%,0,0,0%,0,0,0,0,0,0,0,0,0,0
